{
  "experiment": "M19_step3_v3",
  "data_directory": "M19_V3",
  "timestamp": "2026-04-15T09:51:52",
  "kappa_c": 3.682766452117508,
  "kappa_c_error": 327022.6390679143,
  "slope": 67.74280904960288,
  "slope_error": 229283705.60311007,
  "d_min": 10.010241479973866,
  "d_min_error": 0.42562268533299086,
  "d_max": 12.327705801104997,
  "d_max_error": 0.5987628688630946,
  "r2_binned": 0.6157932849270197,
  "r2_full": 0.044219464990574275,
  "bootstrap": {
    "mean": 4.182258674689724,
    "std": 13.09281120120556,
    "ci95_low": 0.8262930701357702,
    "ci95_high": 17.95504445718436,
    "n_samples": 196
  },
  "n_samples_total": 174,
  "n_samples_fit": 129,
  "n_bins": 12,
  "kappa_range": [
    0.005151211690888502,
    83.56652690491968
  ],
  "dG_range": [
    1.0,
    20.0
  ]
}