{
  "experiment": "M19_step4_landscape_analysis",
  "data_directory": "M19_V3",
  "timestamp": "2026-04-15T09:17:47",
  "n_samples": 603,
  "kappa_range": [
    0.005151211690888502,
    83.56652690491968
  ],
  "gap": {
    "mean": 2.2508397729280034,
    "std": 4.637220068096876,
    "min": 0.0,
    "max": 50.11377614126991
  },
  "n_min": {
    "mean": 71.32504145936981,
    "std": 31.209087098721657,
    "min": 3,
    "max": 100
  },
  "std_E": {
    "mean": 6.159539799366487,
    "std": 9.558206014320593,
    "min": 0.0,
    "max": 85.82763456286015
  },
  "binning": {
    "gap_bins": 10,
    "nmin_bins": 10,
    "stdE_bins": 10
  }
}